BATfinal,VpFinal,KtransFinal,Kepfinal,VeFinal,RSSFinal,RSS0,RSS1,RSS2,RSS3,F1v0,F2v1,F3v2,BAT1,Vp1,BAT2,Vp2,Ktrans2,BAT3,Vp3,Ktrans3,Kep3,Ve3,WhichModel,TProb1,TProb2,TProb3,TProbFinal,,,,,,,,,,,,,,,,,,,,,,,,,,,,,,,,,,,,,,
4.3146,0.00039121,0.00025036,0.093242,0.0026851,9.9336e-08,2.6641e-06,7.1749e-07,2.2488e-07,9.9336e-08,1,1,1,3,0.00097417,4,0.00068183,9.5476e-05,5,0.00039121,0.00025036,0.093242,0.0026851,4,0.98656,0.98859,0.99095,0.99095,,,,,,,,,,,,,,,,,,,,,,,,,,,,,,,,,,,,,,
CTCs,,,,,,,,,,,,,,,,,,,,,,,,,,,,,,,,,,,,,,,,,,,,,,,,,,,,,,,,,,,,,,,,,
0,0.095881,0.19176,0.28764,0.38352,0.4794,0.57528,0.67117,0.76705,0.86293,0.95881,1.0547,1.1506,1.2465,1.3423,1.4382,1.5341,1.63,1.7259,1.8217,1.9176,2.0135,2.1094,2.2053,2.3011,2.397,2.4929,2.5888,2.6847,2.7805,2.8764,2.9723,3.0682,3.1641,3.2599,3.3558,3.4517,3.5476,3.6435,3.7394,3.8352,3.9311,4.027,4.1229,4.2188,4.3146,4.4105,4.5064,4.6023,4.6982,4.794,4.8899,4.9858,5.0817,5.1776,5.2734,5.3693,5.4652,5.5611,5.657,6.8667,14.7,19.75,24.7333,31.2333,36.7
-7.8733e-06,-2.988e-05,2.0504e-05,2.9984e-05,-3.3019e-05,2.0504e-05,3.9475e-05,6.4834e-05,0.00015418,8.0721e-05,4.8976e-05,0.00013816,0.00014777,0.00014777,0.00014456,9.9825e-05,0.00016381,0.00013816,0.00014456,0.00010301,0.00017988,0.00013816,0.00019598,0.00017345,0.00019276,0.00015739,0.00020243,0.0001831,0.0001606,0.00011578,0.00023474,0.0001992,0.0001992,0.00013816,0.00017023,0.00014136,0.0002218,0.00022827,0.00017666,0.00023474,0.00015418,0.00021534,0.00018632,0.00023798,0.00027042,0.00018954,0.00025743,0.00019598,0.00018632,0.00029647,0.00028018,0.00027693,0.00028669,0.00026801,0.0002315,0.00027693,0.00029321,0.00028018,0.00024122,0.00022827,0.00024446,0.00026393,0.00036849,0.00025743,0.00034879,0.00031605
